{"P": 0.2965537580316288, "N": 0.8896612740948862, "B": 0.8896612740948862, "R": 1.4827687901581403, "Q": 2.668983822284657}