{"P": 3.5715455766141633e-42, "N": 1.0714636729842424e-41, "B": 1.0714636729842424e-41, "R": 1.7857727883070802e-41, "Q": 3.2143910189527544e-41}