{"P": 0.2445383224054645, "N": 0.7336149672163931, "B": 0.7336149672163931, "R": 1.222691612027319, "Q": 2.2008449016491785}